{
  "project_info": {
    "project_number": "595740338212",
    "firebase_url": "https://cric-ca182.firebaseio.com",
    "project_id": "cric-ca182",
    "storage_bucket": "cric-ca182.appspot.com"
  },
  "client": [
    {
      "client_info": {
        "mobilesdk_app_id": "1:595740338212:android:15bd075ec1edfac3",
        "android_client_info": {
          "package_name": "com.dexty.cricketline"
        }
      },
      "oauth_client": [
        {
          "client_id": "595740338212-a9rvkuhj74vrmm17i130rm2omp9k5e2s.apps.googleusercontent.com",
          "client_type": 1,
          "android_info": {
            "package_name": "com.example.umair.supercricketliveline",
            "certificate_hash": "f22173bebf4de56fabb219ea01dae9fc78308aa7"
          }
        },
        {
          "client_id": "595740338212-fu5g4bq83kefq8ae0tabi94a10ec40ei.apps.googleusercontent.com",
          "client_type": 3
        }
      ],
      "api_key": [
        {
          "current_key": "AIzaSyDX0tTz04FlDUq9rckQar4TV5M1gyeDqEU"
        }
      ],
      "services": {
        "analytics_service": {
          "status": 1
        },
        "appinvite_service": {
          "status": 2,
          "other_platform_oauth_client": [
            {
              "client_id": "595740338212-fu5g4bq83kefq8ae0tabi94a10ec40ei.apps.googleusercontent.com",
              "client_type": 3
            }
          ]
        },
        "ads_service": {
          "status": 2
        }
      }
    }
  ],
  "configuration_version": "1"
}